{
  "design_columns": [
    "const",
    "distance_km",
    "distance_sq",
    "is_rush",
    "is_weekend"
  ],
  "models": {
    "bike": {
      "sigma": 0.44206531252451553,
      "coefficients": {
        "const": 1.0248844615672303,
        "distance_km": 0.7303781250433258,
        "distance_sq": -0.05359469315213102,
        "is_rush": -0.008791909861427903,
        "is_weekend": 0.012071106657318182
      }
    },
    "taxi": {
      "sigma": 0.36973830270964014,
      "coefficients": {
        "const": 1.2108809639485263,
        "distance_km": 0.5090798234096372,
        "distance_sq": -0.032011175806037434,
        "is_rush": 0.055717264614111306,
        "is_weekend": -0.09263302588906899
      }
    }
  },
  "metrics": {
    "bike": {
      "samples": 1841613,
      "sigma": 0.44206531252451553,
      "r_squared_log": 0.6464351731859727,
      "mae_log": 0.31345798344026327
    },
    "taxi": {
      "samples": 2559175,
      "sigma": 0.36973830270964014,
      "r_squared_log": 0.6426367439859988,
      "mae_log": 0.2830397369298956
    }
  }
}