{
  "taxi": {
    "intercept": 4.657889910466825,
    "beta_distance": 2.4168142856909816,
    "beta_rush": 0.7477540202337204,
    "beta_weekend": -1.0279863482055116
  },
  "bike": {
    "intercept": 2.750425423379067,
    "beta_distance": 4.171481538639431,
    "beta_rush": -0.23470508297846074,
    "beta_weekend": 0.24545841047634223
  }
}